genre,instock,price,rating,title
Classics,In stock,15.08,4,The Secret Garden
Classics,In stock,28.58,1,The Metamorphosis
Classics,In stock,50.26,2,The Pilgrim's Progress
Classics,In stock,14.82,2,The Hound of the Baskervilles (Sherlock Holmes #5)
Classics,In stock,28.07,4,Little Women (Little Women #1)
Classics,In stock,32.49,3,Gone with the Wind
Classics,In stock,58.63,3,Candide
Classics,In stock,57.22,3,Animal Farm
Classics,In stock,17.73,3,Wuthering Heights
Classics,In stock,29.70,2,The Picture of Dorian Gray
Classics,In stock,26.78,4,The Complete Stories and Poems (The Works of Edgar Allan Poe [Cameo Edition])
Classics,In stock,38.35,2,Beowulf
Classics,In stock,35.01,2,And Then There Were None
Classics,In stock,43.19,4,The Story of Hong Gildong
Classics,In stock,45.42,2,The Little Prince
Classics,In stock,37.46,1,Sense and Sensibility
Classics,In stock,47.11,2,Of Mice and Men
Classics,In stock,32.93,2,Emma
Classics,In stock,55.53,1,Alice in Wonderland (Alice's Adventures in Wonderland #1)
Religion,In stock,37.97,2,"Don't Be a Jerk: And Other Practical Advice from Dogen, Japan's Greatest Zen Master"
Religion,In stock,21.87,4,You Are What You Love: The Spiritual Power of Habit
Religion,In stock,30.03,5,God: The Most Unpleasant Character in All Fiction
Religion,In stock,24.57,3,The Book of Mormon
Religion,In stock,27.62,1,"A History of God: The 4,000-Year Quest of Judaism, Christianity, and Islam"
Religion,In stock,57.49,3,The Bhagavad Gita
Religion,In stock,28.42,4,Choosing Our Religion: The Spiritual Lives of America's Nones
Childrens,In stock,54.64,3,Birdsong: A Story in Pictures
Childrens,In stock,36.89,1,The Bear and the Piano
Childrens,In stock,56.13,1,The Secret of Dreadwillow Carse
Childrens,In stock,58.08,4,The White Cat and the Monk: A Retelling of the Poem “Pangur Bán”
Travel,In stock,45.17,2,It's Only the Himalayas
Travel,In stock,49.43,4,Full Moon over Noah’s Ark: An Odyssey to Mount Ararat and Beyond
Childrens,In stock,13.47,3,Little Red
Childrens,In stock,12.96,5,Walt Disney's Alice in Wonderland
Travel,In stock,48.87,3,See America: A Celebration of Our National Parks & Treasured Sites
Travel,In stock,36.94,2,Vagabonding: An Uncommon Guide to the Art of Long-Term World Travel
Childrens,In stock,22.08,2,Twenty Yawns
Nonfiction,In stock,40.30,5,Worlds Elsewhere: Journeys Around Shakespeare’s Globe
Nonfiction,In stock,31.05,3,The Five Love Languages: How to Express Heartfelt Commitment to Your Mate
Travel,In stock,37.33,3,Under the Tuscan Sun
Travel,In stock,44.34,2,A Summer In Europe
Childrens,In stock,23.57,3,Rain Fish
Childrens,In stock,18.28,2,Once Was a Time
Nonfiction,In stock,26.41,2,Reasons to Stay Alive
Nonfiction,In stock,23.11,5,#HigherSelfie: Wake Up Your Life. Free Your Soul. Find Your Tribe.
Nonfiction,In stock,44.18,4,"Unseen City: The Majesty of Pigeons, the Discreet Charm of Snails & Other Wonders of the Urban Wilderness"
Travel,In stock,30.54,1,The Great Railway Bazaar
Travel,In stock,56.88,4,A Year in Provence (Provence #1)
Travel,In stock,23.21,1,The Road to Little Dribbling: Adventures of an American in Britain (Notes From a Small Island #2)
Music,In stock,35.02,5,Rip it Up and Start Again
Childrens,In stock,53.95,3,Luis Paints the World
Childrens,In stock,25.08,1,Nap-a-Roo
Nonfiction,In stock,31.12,3,Throwing Rocks at the Google Bus: How Growth Became the Enemy of Prosperity
Nonfiction,In stock,16.77,3,The Life-Changing Magic of Tidying Up: The Japanese Art of Decluttering and Organizing
Travel,In stock,38.95,3,Neither Here nor There: Travels in Europe
Travel,In stock,26.08,5,"1,000 Places to See Before You Die"
Music,In stock,57.25,3,"Our Band Could Be Your Life: Scenes from the American Indie Underground, 1981-1991"
Music,In stock,37.32,2,How Music Works
Music,In stock,18.03,1,Love Is a Mix Tape (Music #1)
Childrens,In stock,35.96,4,The Whale
Childrens,In stock,52.87,3,"Shrunken Treasures: Literary Classics, Short, Sweet, and Silly"
Childrens,In stock,34.41,2,Raymie Nightingale
Nonfiction,In stock,37.13,1,The Gutsy Girl: Escapades for Your Life of Epic Adventure
Nonfiction,In stock,56.06,1,The Electric Pencil: Drawings from Inside State Hospital No. 3
Nonfiction,In stock,41.83,4,Spark Joy: An Illustrated Master Class on the Art of Organizing and Tidying Up
Music,In stock,31.19,4,Please Kill Me: The Uncensored Oral History of Punk
Music,In stock,45.05,5,Kill 'Em and Leave: Searching for James Brown and the American Soul
Music,In stock,52.60,2,"Chronicles, Vol. 1"
Childrens,In stock,32.38,1,Playing from the Heart
Childrens,In stock,22.54,1,Maybe Something Beautiful: How Art Transformed a Neighborhood
Childrens,In stock,56.07,3,The Wild Robot
Nonfiction,In stock,19.83,2,Reskilling America: Learning to Labor in the Twenty-First Century
Nonfiction,In stock,22.00,4,In the Country We Love: My Family Divided
Music,In stock,38.40,1,This Is Your Brain on Music: The Science of a Human Obsession
Music,In stock,12.36,3,"Orchestra of Exiles: The Story of Bronislaw Huberman, the Israel Philharmonic, and the One Thousand Jews He Saved from Nazi Horrors"
Music,In stock,20.02,5,No One Here Gets Out Alive
Childrens,In stock,48.77,1,The Thing About Jellyfish
Childrens,In stock,43.59,5,The Lonely Ones
Childrens,In stock,26.33,5,The Day the Crayons Came Home (Crayons)
Nonfiction,In stock,54.35,2,Everydata: The Misinformation Hidden in the Little Data You Consume Every Day
Nonfiction,In stock,29.14,5,Call the Nurse: True Stories of a Country Nurse on a Scottish Isle
Music,In stock,31.58,5,Life
Music,In stock,55.66,2,Old Records Never Die: One Man's Quest for His Vinyl and His Past
Nonfiction,In stock,30.81,1,Algorithms to Live By: The Computer Science of Human Decisions
Nonfiction,In stock,43.54,2,The Power of Now: A Guide to Spiritual Enlightenment
Nonfiction,In stock,38.21,2,The Omnivore's Dilemma: A Natural History of Four Meals
Music,In stock,28.80,3,Forever Rockers (The Rocker #12)
Historical Fiction,In stock,53.74,1,Tipping the Velvet
Historical Fiction,In stock,29.69,3,Forever and Forever: The Courtship of Henry Longfellow and Fanny Appleton
Nonfiction,In stock,17.24,1,The Genius of Birds
Nonfiction,In stock,38.49,5,The Artist's Way: A Spiritual Path to Higher Creativity
Historical Fiction,In stock,55.53,5,A Flight of Arrows (The Pathfinders #2)
Historical Fiction,In stock,36.95,1,The House by the Lake
Nonfiction,In stock,12.23,2,So You've Been Publicly Shamed
Historical Fiction,In stock,30.25,5,Mrs. Houdini
Historical Fiction,In stock,28.08,4,The Marriage of Opposites
Historical Fiction,In stock,45.84,3,Glory over Everything: Beyond The Kitchen House
Historical Fiction,In stock,20.55,2,"Love, Lies and Spies"
Historical Fiction,In stock,39.01,4,A Paris Apartment
Historical Fiction,In stock,17.28,2,Lilac Girls
Historical Fiction,In stock,16.62,3,The Constant Princess (The Tudor Court #1)
Sequential Art,In stock,52.29,5,Scott Pilgrim's Precious Little Life (Scott Pilgrim #1)
Sequential Art,In stock,16.28,1,Tsubasa: WoRLD CHRoNiCLE 2 (Tsubasa WoRLD CHRoNiCLE #2)
Historical Fiction,In stock,37.34,1,The Invention of Wings
Historical Fiction,In stock,32.97,4,World Without End (The Pillars of the Earth #2)
Sequential Art,In stock,19.49,4,This One Summer
Sequential Art,In stock,38.16,4,The Nameless City (The Nameless City #1)
Sequential Art,In stock,51.04,2,"Saga, Volume 5 (Saga (Collected Editions) #5)"
Historical Fiction,In stock,28.32,5,The Passion of Dolssa
Historical Fiction,In stock,26.77,1,Girl With a Pearl Earring
Mystery,In stock,47.82,4,Sharp Objects
Sequential Art,In stock,50.40,3,"Rat Queens, Vol. 3: Demons (Rat Queens (Collected Editions) #11-15)"
Sequential Art,In stock,13.61,5,"Princess Jellyfish 2-in-1 Omnibus, Vol. 01 (Princess Jellyfish 2-in-1 Omnibus #1)"
Historical Fiction,In stock,21.07,5,Voyager (Outlander #3)
Historical Fiction,In stock,35.66,5,The Red Tent
Mystery,In stock,19.63,1,"In a Dark, Dark Wood"
Mystery,In stock,56.50,4,The Past Never Ends
Mystery,In stock,16.64,1,A Murder in Time
Sequential Art,In stock,18.97,1,"Pop Gun War, Volume 1: Gift"
Sequential Art,In stock,10.16,3,Patience
Sequential Art,In stock,15.44,4,"Outcast, Vol. 1: A Darkness Surrounds Him (Outcast #1)"
Historical Fiction,In stock,55.55,2,The Last Painting of Sara de Vos
Historical Fiction,In stock,49.53,1,The Guernsey Literary and Potato Peel Pie Society
Mystery,In stock,44.10,4,The Murder of Roger Ackroyd (Hercule Poirot #4)
Mystery,In stock,54.21,2,The Last Mile (Amos Decker #2)
Mystery,In stock,13.92,1,That Darkness (Gardiner and Renner #1)
Default,In stock,17.93,3,"The Coming Woman: A Novel Based on the Life of the Infamous Feminist, Victoria Woodhull"
Sequential Art,In stock,48.41,1,orange: The Complete Collection 1 (orange: The Complete Collection #1)
Sequential Art,In stock,46.91,2,"Lumberjanes, Vol. 2: Friendship to the Max (Lumberjanes #5-8)"
Sequential Art,In stock,45.61,3,"Lumberjanes, Vol. 1: Beware the Kitten Holy (Lumberjanes #1-4)"
Historical Fiction,In stock,46.83,2,Girl in the Blue Coat
Mystery,In stock,10.69,1,Tastes Like Fear (DI Marnie Rome #3)
Mystery,In stock,48.35,5,A Time of Torment (Charlie Parker #14)
Mystery,In stock,16.73,2,A Study in Scarlet (Sherlock Holmes #1)
Default,In stock,22.60,4,The Boys in the Boat: Nine Americans and Their Epic Quest for Gold at the 1936 Berlin Olympics
Default,In stock,13.99,2,"Starving Hearts (Triangular Trade Trilogy, #1)"
Sequential Art,In stock,19.92,2,Lumberjanes Vol. 3: A Terrible Plan (Lumberjanes #9-12)
Sequential Art,In stock,29.17,2,"I Hate Fairyland, Vol. 1: Madly Ever After (I Hate Fairyland (Compilations) #1-5)"
Sequential Art,In stock,54.63,3,I am a Hero Omnibus Volume 1
Fiction,In stock,50.10,1,Soumission
Mystery,In stock,26.80,3,Poisonous (Max Revere Novels #3)
Mystery,In stock,54.36,4,Murder at the 42nd Street Library (Raymond Ambler #1)
Default,In stock,22.50,3,America's Cradle of Quarterbacks: Western Pennsylvania's Football Factory from Johnny Unitas to Joe Montana
Default,In stock,53.13,3,Aladdin and His Wonderful Lamp
Sequential Art,In stock,22.11,2,"Giant Days, Vol. 2 (Giant Days #5-8)"
Sequential Art,In stock,51.99,4,Danganronpa Volume 1
Philosophy,In stock,15.94,5,Sophie's World
Philosophy,In stock,58.11,4,The Death of Humanity: and the Case for Life
Fiction,In stock,47.61,5,Private Paris (Private #10)
Fiction,In stock,50.27,5,"We Love You, Charlie Freeman"
Fiction,In stock,17.27,5,Thirst
Womens Fiction,In stock,57.36,4,I Had a Nice Time And Other Lies...: How to find love & sh*t like that
Mystery,In stock,35.28,3,Most Wanted
Romance,In stock,25.27,5,Chase Me (Paris Nights #2)
Default,In stock,33.29,3,Penny Maybe
Sequential Art,In stock,36.72,4,"Codename Baboushka, Volume 1: The Conclave of Death"
Philosophy,In stock,17.44,4,The Stranger
Philosophy,In stock,54.21,1,Proofs of God: Classical Arguments from Tertullian to Barth
Fiction,In stock,54.11,3,The Murder That Never Was (Forensic Instincts #5)
Fiction,In stock,21.04,2,Tuesday Nights in 1980
Womens Fiction,In stock,13.86,3,Will You Won't You Want Me?
Womens Fiction,In stock,20.46,4,Keep Me Posted
Mystery,In stock,11.84,1,Hide Away (Eve Duncan #20)
Mystery,In stock,59.48,3,Boar Island (Anna Pigeon #19)
Mystery,In stock,27.26,2,The Widow
Romance,In stock,34.53,5,Black Dust
Romance,In stock,33.97,1,Her Backup Boyfriend (The Sorensen Family #1)
Default,In stock,18.02,2,Maude (1883-1993):She Grew Up with the country
Default,In stock,20.59,5,"The Inefficiency Assassin: Time Management Tactics for Working Smarter, Not Longer"
Default,In stock,39.58,2,Soul Reader
Sequential Art,In stock,17.08,4,Camp Midnight
Art,In stock,44.18,4,Wall and Piece
Art,In stock,49.05,3,Feathers: Displays of Brilliant Plumage
Art,In stock,48.63,4,Art and Fear: Observations on the Perils (and Rewards) of Artmaking
Philosophy,In stock,47.13,1,Kierkegaard: A Christian Missionary to Christians
Philosophy,In stock,29.93,5,"At The Existentialist Café: Freedom, Being, and apricot cocktails with: Jean-Paul Sartre, Simone de Beauvoir, Albert Camus, Martin Heidegger, Edmund Husserl, Karl Jaspers, Maurice Merleau-Ponty and others"
Fiction,In stock,42.15,4,The Vacationers
Fiction,In stock,51.36,5,The Regional Office Is Under Attack!
Fiction,In stock,53.53,5,Finders Keepers (Bill Hodges Trilogy #2)
Womens Fiction,In stock,48.49,4,Grey (Fifty Shades #4)
Womens Fiction,In stock,43.58,3,Meternity
Mystery,In stock,13.71,3,Playing with Fire
Mystery,In stock,25.37,5,What Happened on Beale Street (Secrets of the South Mysteries #2)
Mystery,In stock,52.30,5,The Bachelor Girl's Guide to Murder (Herringford and Watts Mysteries #1)
Romance,In stock,15.97,4,First and First (Five Boroughs #3)
Romance,In stock,21.96,1,Fifty Shades Darker (Fifty Shades #2)
Romance,In stock,24.12,1,The Wedding Dress
Paranormal,In stock,15.40,1,"Vampire Knight, Vol. 1 (Vampire Knight #1)"
Default,In stock,49.46,2,Bossypants
Default,In stock,42.95,1,A World of Flavor: Your Gluten Free Passport
Art,In stock,43.02,3,The New Drawing on the Right Side of the Brain
Art,In stock,10.29,4,History of Beauty
Philosophy,In stock,20.75,1,Critique of Pure Reason
Philosophy,In stock,20.02,1,"Run, Spot, Run: The Ethics of Keeping Pets"
Fiction,In stock,27.88,5,The Time Keeper
Fiction,In stock,52.67,4,The Testament of Mary
Womens Fiction,In stock,13.73,5,Some Women
Womens Fiction,In stock,48.39,5,Shopaholic Ties the Knot (Shopaholic #3)
Womens Fiction,In stock,21.94,1,Can You Keep a Secret?
Mystery,In stock,20.89,4,Delivering the Truth (Quaker Midwife Mystery #1)
Romance,In stock,55.99,2,Suddenly in Love (Lake Haven #1)
Romance,In stock,16.24,4,Something More Than This
Romance,In stock,35.61,3,Doing It Over (Most Likely To #1)
Default,In stock,56.76,5,"A Piece of Sky, a Grain of Rice: A Memoir in Four Meditations"
Default,In stock,41.60,3,Tracing Numbers on a Train
Art,In stock,41.14,4,The Story of Art
Art,In stock,32.34,2,The Art Book
Philosophy,In stock,36.34,1,The Nicomachean Ethics
Philosophy,In stock,25.89,2,Meditations
Cultural,In stock,36.58,1,Amid the Chaos
Fiction,In stock,25.85,3,The First Hostage (J.B. Collins #2)
Fiction,In stock,45.21,3,Take Me with You
Fiction,In stock,26.41,3,Still Life with Bread Crumbs
Womens Fiction,In stock,42.80,2,Twenties Girl
Womens Fiction,In stock,45.75,4,The Undomestic Goddess
Womens Fiction,In stock,52.53,5,The Nanny Diaries (Nanny #1)
Romance,In stock,32.61,3,The Wedding Pact (The O'Malleys #2)
Romance,In stock,28.82,1,Hold Your Breath (Search and Rescue #1)
Romance,In stock,40.83,4,Dirty (Dive Bar #1)
Default,In stock,52.72,1,Thirteen Reasons Why
Default,In stock,27.37,4,The Secret (The Secret #1)
Default,In stock,36.00,2,The Psychopath Test: A Journey Through the Madness Industry
Politics,In stock,51.33,2,Libertarianism for Beginners
Politics,In stock,52.65,4,Why the Right Went Wrong: Conservatism--From Goldwater to the Tea Party and Beyond
Art,In stock,39.51,5,Ways of Seeing
Philosophy,In stock,43.38,1,Beyond Good and Evil
Novels,In stock,54.81,5,Suzie Snowflake: One beautiful flake (a self-esteem story)
Fiction,In stock,55.84,4,Shtum
Fiction,In stock,41.56,1,My Name Is Lucy Barton
Womens Fiction,In stock,44.29,1,The Devil Wears Prada (The Devil Wears Prada #1)
Womens Fiction,In stock,48.96,5,Something Borrowed (Darcy & Rachel #1)
Womens Fiction,In stock,54.62,1,Something Blue (Darcy & Rachel #2)
Romance,In stock,53.98,3,Take Me Home Tonight (Rock Star Romance #3)
Romance,In stock,47.67,3,Off the Hook (Fishing for Trouble #1)
Romance,In stock,14.75,5,A Gentleman's Position (Society of Gentlemen #3)
Default,In stock,41.82,4,The Kite Runner
Default,In stock,55.02,2,The Girl on the Train
Default,In stock,23.15,2,The Emerald Mystery
Politics,In stock,56.86,1,Equal Is Unfair: America's Misguided Fight Against Income Inequality
Short Stories,In stock,35.88,1,The Grownup
Erotica,In stock,19.19,5,Dark Notes
Fiction,In stock,24.48,3,My Mrs. Brown
Fiction,In stock,28.90,1,Mr. Mercedes (Bill Hodges Trilogy #1)
Womens Fiction,In stock,19.69,1,I've Got Your Number
Womens Fiction,In stock,19.18,4,The Edge of Reason (Bridget Jones #2)
Romance,In stock,20.90,3,"Sit, Stay, Love"
Romance,In stock,31.30,1,A Girl's Guide to Moving On (New Beginnings #2)
Default,In stock,32.00,3,The Bridge to Consciousness: I'm Writing the Bridge Between Science and Our Old and New Beliefs.
Health,In stock,49.05,3,"The Bulletproof Diet: Lose up to a Pound a Day, Reclaim Energy and Focus, Upgrade Your Life"
Health,In stock,54.07,2,"Eat Fat, Get Thin"
Fiction,In stock,10.60,4,I Am Pilgrim (Pilgrim #1)
Fiction,In stock,27.09,3,Eligible (The Austen Project #4)
Womens Fiction,In stock,29.82,1,Bridget Jones's Diary (Bridget Jones #1)
Romance,In stock,59.99,3,The Perfect Play (Play by Play #1)
Romance,In stock,12.87,1,Dark Lover (Black Dagger Brotherhood #1)
Romance,In stock,13.38,3,Changing the Game (Play by Play #2)
Health,In stock,49.71,5,10-Day Green Smoothie Cleanse: Lose Up to 15 Pounds in 10 Days!
Health,In stock,52.98,5,The Art and Science of Low Carbohydrate Living
Suspense,In stock,58.33,3,Silence in the Dark (Logan Point #4)
Christian,In stock,54.00,5,(Un)Qualified: How God Uses Broken People to Do Big Things
Christian,In stock,47.72,2,Crazy Love: Overwhelmed by a Relentless God
Christian,In stock,25.77,1,Blue Like Jazz: Nonreligious Thoughts on Christian Spirituality
Crime,In stock,10.97,1,The Long Shadow of Small Ghosts: Murder and Memory in an American City
Historical,In stock,29.87,5,All the Light We Cannot See
Historical,In stock,15.79,1,The Girl You Left Behind (The Girl You Left Behind #1)
Childrens,In stock,16.26,2,The Cat in the Hat (Beginner Books B-1)
Childrens,In stock,28.54,3,Red: The True Story of Red Riding Hood
Childrens,In stock,37.52,2,Horrible Bear!
Childrens,In stock,10.79,4,Green Eggs and Ham (Beginner Books B-16)
Childrens,In stock,10.62,1,Counting Thyme
Childrens,In stock,10.66,3,Are We There Yet?
Childrens,In stock,52.88,4,Diary of a Minecraft Zombie Book 1: A Scare of a Dare (An Unofficial Minecraft Book)
Childrens,In stock,28.34,1,Matilda
Childrens,In stock,22.85,3,Charlie and the Chocolate Factory (Charlie Bucket #1)
Historical Fiction,In stock,20.79,5,Between Shades of Gray
Historical Fiction,In stock,41.32,5,While You Were Mine
Historical Fiction,In stock,34.56,3,The Secret Healer
Historical Fiction,In stock,25.83,3,Starlark
Historical Fiction,In stock,27.70,4,Lost Among the Living
Historical Fiction,In stock,16.97,5,A Spy's Devotion (The Regency Spies of London #1)
Nonfiction,In stock,19.43,3,"Daring Greatly: How the Courage to Be Vulnerable Transforms the Way We Live, Love, Parent, and Lead"
Nonfiction,In stock,30.80,3,Big Magic: Creative Living Beyond Fear
Nonfiction,In stock,27.43,2,Becoming Wise: An Inquiry into the Mystery and Art of Living
Nonfiction,In stock,12.51,5,Agnostic: A Spirited Manifesto
Nonfiction,In stock,38.20,4,Whole Lotta Creativity Going On: 60 Fun and Unusual Exercises to Awaken and Strengthen Your Creativity
Nonfiction,In stock,19.60,2,What's It Like in Space?: Stories from Astronauts Who've Been There
Nonfiction,In stock,43.04,2,The Year of Magical Thinking
Nonfiction,In stock,17.43,3,The Literature Book (Big Ideas Simply Explained)
Nonfiction,In stock,15.77,1,The Bad-Ass Librarians of Timbuktu: And Their Race to Save the World’s Most Precious Manuscripts
Nonfiction,In stock,45.58,1,Swell: A Year of Waves
Nonfiction,In stock,21.95,2,No Dream Is Too High: Life Lessons From a Man Who Walked on the Moon
Nonfiction,In stock,29.14,5,Looking for Lovely: Collecting the Moments that Matter
Nonfiction,In stock,26.79,5,Let It Out: A Journey Through Journaling
Nonfiction,In stock,58.79,3,Hamilton: The Revolution
Nonfiction,In stock,15.06,4,"Far & Away: Places on the Brink of Change: Seven Continents, Twenty-Five Years"
Spirituality,In stock,17.66,5,The Four Agreements: A Practical Guide to Personal Freedom
Nonfiction,In stock,51.75,5,"Eaternity: More than 150 Deliciously Easy Vegan Recipes for a Long, Healthy, Satisfied, Joyful Life"
Spirituality,In stock,32.24,5,The Activist's Tao Te Ching: Ancient Advice for a Modern Revolution
Self Help,In stock,46.35,1,Online Marketing for Busy Authors: A Step-By-Step Guide
Nonfiction,In stock,37.80,4,Buying In: The Secret Dialogue Between What We Buy and Who We Are
Nonfiction,In stock,49.32,5,Brain on Fire: My Month of Madness
Spirituality,In stock,37.80,2,Chasing Heaven: What Dying Taught Me About Living
Spirituality,In stock,20.91,1,If I Gave You God's Phone Number....: Searching for Spirituality in America
Self Help,In stock,46.03,1,How to Be Miserable: 40 Strategies You Already Use
Self Help,In stock,52.15,3,"Overload: How to Unplug, Unwind, and Unleash Yourself from the Pressure of Stress"
Academic,In stock,13.12,2,Logan Kade (Fallen Crest High #5.5)
Nonfiction,In stock,56.37,5,Abstract City
Nonfiction,In stock,27.06,1,13 Hours: The Inside Account of What Really Happened In Benghazi
Spirituality,In stock,46.33,2,Unreasonable Hope: Finding Faith in the God Who Brings Purpose to Your Pain
Spirituality,In stock,55.65,5,A New Earth: Awakening to Your Life's Purpose
Self Help,In stock,12.08,3,You Are a Badass: How to Stop Doubting Your Greatness and Start Living an Awesome Life
Self Help,In stock,46.49,5,How to Stop Worrying and Start Living
Biography,In stock,16.85,2,Louisa: The Extraordinary Life of Mrs. Adams
Biography,In stock,21.15,2,"Setting the World on Fire: The Brief, Astonishing Life of St. Catherine of Siena"
Mystery,In stock,24.80,4,The Mysterious Affair at Styles (Hercule Poirot #1)
Mystery,In stock,38.38,2,In the Woods (Dublin Murder Squad #1)
Biography,In stock,39.55,1,The Faith of Christopher Hitchens: The Restless Soul of the World's Most Notorious Atheist
Biography,In stock,48.19,3,Benjamin Franklin: An American Life
Thriller,In stock,12.84,1,In Her Wake
Thriller,In stock,23.82,5,The Elephant Tree
Mystery,In stock,23.05,5,The Silkworm (Cormoran Strike #2)
Mystery,In stock,43.45,3,The Exiled
Biography,In stock,42.57,3,The Rise of Theodore Roosevelt (Theodore Roosevelt #1)
Thriller,In stock,52.22,4,Behind Closed Doors
Thriller,In stock,43.61,5,You (You #1)
Mystery,In stock,19.21,1,The Cuckoo's Calling (Cormoran Strike #1)
Mystery,In stock,25.40,3,Extreme Prey (Lucas Davenport #26)
Mystery,In stock,24.72,2,Career of Evil (Cormoran Strike #3)
Business,In stock,33.34,4,The Dirty Little Secrets of Getting Your Dream Job
Thriller,In stock,13.82,2,The Guilty (Will Robie #4)
Thriller,In stock,39.24,1,The 14th Colony (Cotton Malone #11)
Mystery,In stock,57.70,4,The No. 1 Ladies' Detective Agency (No. 1 Ladies' Detective Agency #1)
Mystery,In stock,12.29,5,The Girl You Lost
Mystery,In stock,15.85,3,The Girl In The Ice (DCI Erika Foster #1)
Business,In stock,12.61,5,The Third Wave: An Entrepreneur’s Vision of the Future
Business,In stock,27.55,3,The 10% Entrepreneur: Live Your Startup Dream Without Quitting Your Day Job
Thriller,In stock,18.32,2,Give It Back
Thriller,In stock,31.49,4,Killing Floor (Jack Reacher #1)
Mystery,In stock,20.30,3,Blood Defense (Samantha Brinkman #1)
Mystery,In stock,53.98,1,1st to Die (Women's Murder Club #1)
Business,In stock,23.99,2,Shoe Dog: A Memoir by the Creator of NIKE
Business,In stock,38.85,5,Made to Stick: Why Some Ideas Survive and Others Die
Thriller,In stock,59.71,3,The Bone Hunters (Lexy Vaughan & Steven Macaulay #2)
Thriller,In stock,34.93,2,Far From True (Promise Falls Trilogy #2)
Business,In stock,43.14,1,Quench Your Own Thirst: Business Lessons Learned Over a Beer or Two
Business,In stock,21.00,3,The Art of Startup Fundraising
Business,In stock,21.59,5,Born for This: How to Find the Work You Were Meant to Do
Thriller,In stock,15.77,1,The Travelers
Business,In stock,36.91,1,The E-Myth Revisited: Why Most Small Businesses Don't Work and What to Do About It
Business,In stock,51.74,1,"Rich Dad, Poor Dad"
Business,In stock,33.92,3,The Lean Startup: How Today's Entrepreneurs Use Continuous Innovation to Create Radically Successful Businesses
Business,In stock,44.88,2,Rework
Sequential Art,In stock,37.92,2,"Bitch Planet, Vol. 1: Extraordinary Machine (Bitch Planet (Collected Editions))"
Sequential Art,In stock,33.14,1,The Shadow Hero (The Shadow Hero)
Sequential Art,In stock,41.62,4,"Fables, Vol. 1: Legends in Exile (Fables #1)"
Sequential Art,In stock,36.50,2,Batman: The Long Halloween (Batman)
Sequential Art,In stock,15.38,5,Batman: The Dark Knight Returns (Batman)
Sequential Art,In stock,37.34,4,"Wonder Woman: Earth One, Volume One (Wonder Woman: Earth One #1)"
Sequential Art,In stock,53.90,1,"We Are Robin, Vol. 1: The Vigilante Business (We Are Robin #1)"
Sequential Art,In stock,25.38,2,Through the Woods
Sequential Art,In stock,11.89,5,Superman Vol. 1: Before Truth (Superman by Gene Luen Yang #1)
Sequential Art,In stock,35.43,4,"So Cute It Hurts!!, Vol. 6 (So Cute It Hurts!! #6)"
Sequential Art,In stock,47.82,3,Robin War
Sequential Art,In stock,25.48,2,"Red Hood/Arsenal, Vol. 1: Open for Business (Red Hood/Arsenal #1)"
Sequential Art,In stock,38.39,2,"Naruto (3-in-1 Edition), Vol. 14: Includes Vols. 40, 41 & 42 (Naruto: Omnibus #14)"
Sequential Art,In stock,51.51,2,Lowriders to the Center of the Earth (Lowriders in Space #2)
Sequential Art,In stock,57.62,5,El Deafo
Sequential Art,In stock,32.01,2,Batman: Europa
Contemporary,In stock,31.77,1,When We Collided
Contemporary,In stock,52.79,5,Someone Like You (The Harrisons #2)
Contemporary,In stock,24.04,1,We Are All Completely Beside Ourselves
Sequential Art,In stock,48.80,3,Art Ops Vol. 1
Sequential Art,In stock,10.90,2,"Adulthood Is a Myth: A ""Sarah's Scribbles"" Collection"
Sequential Art,In stock,33.95,4,"Fruits Basket, Vol. 9 (Fruits Basket #9)"
Sequential Art,In stock,14.10,5,Roller Girl
Romance,In stock,56.43,1,A Walk to Remember
Romance,In stock,12.25,1,The Purest Hook (Second Circle Tattoos #3)
Romance,In stock,45.43,1,The Obsession
Romance,In stock,11.10,3,Reservations for Two
Christian Fiction,In stock,20.47,5,Redeeming Love
Romance,In stock,27.41,2,Best of My Love (Fool's Gold #20)
Romance,In stock,39.77,3,Where Lightning Strikes (Bleeding Stars #3)
Christian Fiction,In stock,49.46,4,Close to You
Christian Fiction,In stock,39.67,5,Shadows of the Past (Logan Point #1)
Romance,In stock,48.71,1,This One Moment (Pushing Limits #1)
Christian Fiction,In stock,28.77,2,Like Never Before (Walker Family #2)
Christian Fiction,In stock,17.97,5,Counted With the Stars (Out from Egypt #1)
Romance,In stock,28.34,2,"Rhythm, Chord & Malykhin"
Romance,In stock,38.92,2,My Perfect Mistake (Over the Top #1)
Christian Fiction,In stock,49.97,4,If I Run (If I Run #1)
Default,In stock,33.34,5,The Art of War
Romance,In stock,58.99,3,Listen to Me (Fusion #1)
Romance,In stock,34.74,4,Imperfect Harmony
Default,In stock,20.27,1,Secrets and Lace (Fatal Hearts #1)
Default,In stock,36.94,1,Romero and Juliet: A Tragic Tale of Love and Zombies
Romance,In stock,39.24,3,Fighting Fate (Fighting #6)
Romance,In stock,47.09,5,Deep Under (Walker Security #1)
Romance,In stock,41.24,1,Charity's Cross (Charles Towne Belles #4)
Default,In stock,41.06,1,Poses for Artists Volume 1 - Dynamic and Sitting Poses: An Essential Reference for Figure Drawing and the Human Form
Default,In stock,10.76,1,Miss Peregrine’s Home for Peculiar Children (Miss Peregrine’s Peculiar Children #1)
Default,In stock,19.15,2,Large Print Heart of the Pride
Romance,In stock,37.26,4,Bounty (Colorado Mountain #7)
Fiction,In stock,14.39,4,Eight Hundred Grapes
Fiction,In stock,11.21,5,Dear Mr. Knightley
Default,In stock,22.16,2,Grumbles
Default,In stock,29.00,1,First Steps for New Christians (Print Edition)
Fiction,In stock,25.01,3,Cometh the Hour (The Clifton Chronicles #6)
Fiction,In stock,17.03,3,Balloon Animals
Fiction,In stock,39.72,1,A Man Called Ove
Adult Fiction,In stock,15.36,5,Fifty Shades Freed (Fifty Shades #3)
Default,In stock,54.59,4,Eureka Trivia 6.0
Default,In stock,34.95,4,Drive: The Surprising Truth About What Motivates Us
Fiction,In stock,46.29,5,The Silent Sister (Riley MacPherson #1)
Fiction,In stock,56.54,2,The Dinner Party
History,In stock,54.23,5,Sapiens: A Brief History of Humankind
History,In stock,25.52,1,"Unbound: How Eight Technologies Made Us Human, Transformed Society, and Brought Our World to the Brink"
Default,In stock,37.72,5,Done Rubbed Out (Reightman & Bailey #1)
Default,In stock,11.11,2,Beauty Restored (Riley Family Legacy Novellas #3)
Fiction,In stock,59.45,1,The Improbability of Love
Fiction,In stock,13.34,2,Mothering Sunday
Parenting,In stock,37.35,2,Catastrophic Happiness: Finding Joy in Childhood's Messy Years
History,In stock,19.73,1,The Age of Genius: The Seventeenth Century and the Birth of the Modern Mind
History,In stock,36.28,2,"Political Suicide: Missteps, Peccadilloes, Bad Calls, Backroom Hijinx, Sordid Pasts, Rotten Breaks, and Just Plain Dumb Mistakes in the Annals of American Politics"
Default,In stock,15.48,2,Ayumi's Violin
Default,In stock,46.82,4,Anonymous
Default,In stock,18.46,3,Amy Meets the Saints and Sages
Fiction,In stock,45.14,1,Lies and Other Acts of Love
Fiction,In stock,16.34,3,Daredevils
History,In stock,59.64,1,Thomas Jefferson and the Tripoli Pirates: The Forgotten War That Changed American History
History,In stock,24.70,3,Zealot: The Life and Times of Jesus of Nazareth
History,In stock,14.58,3,A Distant Mirror: The Calamitous 14th Century
Default,In stock,50.54,5,Amatus
Default,In stock,37.10,4,V for Vendetta (V for Vendetta Complete)
Fiction,In stock,48.48,3,11/22/63
Fiction,In stock,28.03,1,The Shack
Fiction,In stock,51.15,1,The High Mountains of Portugal
History,In stock,21.80,3,1491: New Revelations of the Americas Before Columbus
History,In stock,11.45,3,Brilliant Beacons: A History of the American Lighthouse
History,In stock,44.48,5,"""Most Blessed of the Patriarchs"": Thomas Jefferson and the Empire of the Imagination"
Food and Drink,In stock,30.52,3,"Foolproof Preserving: A Guide to Small Batch Jams, Jellies, Pickles, Condiments, and More: A Foolproof Guide to Making Small Batch Jams, Jellies, Pickles, Condiments, and More"
Food and Drink,In stock,56.41,1,"The Pioneer Woman Cooks: Dinnertime: Comfort Classics, Freezer Food, 16-Minute Meals, and Other Delicious Ways to Solve Supper!"
Default,In stock,45.95,2,"Unbroken: A World War II Story of Survival, Resilience, and Redemption"
Default,In stock,56.80,4,The Wright Brothers
Fiction,In stock,58.54,2,Miller's Valley
Fiction,In stock,21.96,4,Hystopia: A Novel
History,In stock,52.40,5,A Short History of Nearly Everything
History,In stock,39.67,2,The Rise and Fall of the Third Reich: A History of Nazi Germany
History,In stock,58.55,4,Catherine the Great: Portrait of a Woman
Food and Drink,In stock,33.37,2,My Paris Kitchen: Recipes and Stories
Food and Drink,In stock,14.02,4,"Mama Tried: Traditional Italian Cooking for the Screwed, Crude, Vegan, and Tattooed"
Food and Drink,In stock,40.11,1,"Layered: Baking, Building, and Styling Spectacular Cakes"
Default,In stock,44.48,5,The Songs of the Gods
Fiction,In stock,42.78,4,The Bourne Identity (Jason Bourne #1)
Fiction,In stock,40.20,4,Sister Dear
Fiction,In stock,49.67,3,Memoirs of a Geisha
History,In stock,42.91,5,The Mathews Men: Seven Brothers and the War Against Hitler's U-boats
History,In stock,55.91,4,The Hiding Place
History,In stock,51.22,2,America's War for the Greater Middle East: A Military History
Food and Drink,In stock,37.34,5,The Nerdy Nummies Cookbook: Sweet Treats for the Geek in All of Us
Food and Drink,In stock,37.60,2,The Love and Lemons Cookbook: An Apple-to-Zucchini Celebration of Impromptu Cooking
Fiction,In stock,19.02,1,Me Before You (Me Before You #1)
History,In stock,14.54,2,The Guns of August
History,In stock,43.70,2,"House of Lost Worlds: Dinosaurs, Dynasties, and the Story of Life on Earth"
Food and Drink,In stock,41.25,1,The Cookies & Cups Cookbook: 125+ sweet & savory recipes reminding you to Always Eat Dessert First
Food and Drink,In stock,42.16,3,"Deliciously Ella Every Day: Quick and Easy Recipes for Gluten-Free Snacks, Packed Lunches, and Simple Meals"
Psychology,In stock,10.40,1,The Lucifer Effect: Understanding How Good People Turn Evil
Psychology,In stock,39.43,1,The Golden Condom: And Other Essays on Love Lost and Found
Food and Drink,In stock,28.77,3,The Help Yourself Cookbook for Kids: 60 Easy Plant-Based Recipes Kids Can Make to Stay Healthy and Save the Earth
Psychology,In stock,56.27,3,It Didn't Start with You: How Inherited Family Trauma Shapes Who We Are and How to End the Cycle
Humor,In stock,44.07,1,The Long Haul (Diary of a Wimpy Kid #9)
Poetry,In stock,51.77,3,A Light in the Attic
Poetry,In stock,52.15,1,The Black Maria
Autobiography,In stock,10.93,2,The Argonauts
Food and Drink,In stock,19.55,1,"It's All Easy: Healthy, Delicious Weeknight Meals in under 30 Minutes"
Psychology,In stock,21.30,3,An Unquiet Mind: A Memoir of Moods and Madness
Psychology,In stock,21.14,1,"Thinking, Fast and Slow"
Psychology,In stock,59.95,2,Civilization and Its Discontents
Science,In stock,42.96,4,The Most Perfect Thing: Inside (and Outside) a Bird's Egg
Science,In stock,57.36,5,Immunity: How Elie Metchnikoff Changed the Course of Modern Medicine
Humor,In stock,11.83,5,Old School (Diary of a Wimpy Kid #10)
Humor,In stock,25.98,4,I Know What I'm Doing -- and Other Lies I Tell Myself: Dispatches from a Life Under Construction
Humor,In stock,14.75,5,"Hyperbole and a Half: Unfortunate Situations, Flawed Coping Mechanisms, Mayhem, and Other Things That Happened"
Poetry,In stock,20.66,4,Shakespeare's Sonnets
Poetry,In stock,23.88,1,Olio
Autobiography,In stock,27.18,1,M Train
Autobiography,In stock,40.85,1,Lab Girl
Horror,In stock,39.25,2,Security
Horror,In stock,21.36,1,Follow You Home
Food and Drink,In stock,28.01,1,Barefoot Contessa Back to Basics
Food and Drink,In stock,50.62,5,Barefoot Contessa at Home: Everyday Recipes You'll Make Over and Over Again
Food and Drink,In stock,11.53,2,My Kitchen Year: 136 Recipes That Saved My Life
Psychology,In stock,31.04,1,8 Keys to Mental Health Through Exercise
Science,In stock,44.74,4,Sorting the Beef from the Bull: The Science of Food Fraud Forensics
Science,In stock,37.55,1,Tipping Point for Planet Earth: How Close Are We to the Edge?
Science,In stock,55.91,1,"The Fabric of the Cosmos: Space, Time, and the Texture of Reality"
Humor,In stock,43.68,3,Dress Your Family in Corduroy and Denim
Humor,In stock,25.55,1,Toddlers Are A**holes: It's Not Your Fault
Humor,In stock,30.89,5,When You Are Engulfed in Flames
Poetry,In stock,33.63,2,You can't bury them all: Poems
Poetry,In stock,57.31,3,Slow States of Collapse: Poems
Autobiography,In stock,58.81,5,Approval Junkie: Adventures in Caring Too Much
Autobiography,In stock,12.91,4,Running with Scissors
Horror,In stock,23.40,1,The Loney
Horror,In stock,10.56,3,Pet Sematary
Food and Drink,In stock,20.10,5,Everyday Italian: 125 Simple and Delicious Recipes
Food and Drink,In stock,38.77,1,"A la Mode: 120 Recipes in 60 Pairings: Pies, Tarts, Cakes, Crisps, and More Topped with Ice Cream, Gelato, Frozen Custard, and More"
Food and Drink,In stock,20.50,3,Cravings: Recipes for What You Want to Eat
Science,In stock,28.41,1,Diary of a Citizen Scientist: Chasing Tiger Beetles and Other New Ways of Engaging the World
Science,In stock,10.01,4,The Origin of Species
Science,In stock,13.76,3,The Grand Design
Humor,In stock,31.69,3,Naked
Humor,In stock,55.50,5,"Lamb: The Gospel According to Biff, Christ's Childhood Pal"
Humor,In stock,51.07,2,Holidays on Ice
Poetry,In stock,14.27,4,Untitled Collection: Sabbath Poems 2014
Poetry,In stock,14.19,4,Poems That Make Grown Women Cry
Autobiography,In stock,57.60,2,Me Talk Pretty One Day
Autobiography,In stock,11.87,2,Lust & Wonder
Horror,In stock,40.12,2,Doctor Sleep (The Shining #2)
Horror,In stock,36.97,5,Psycho: Sanitarium (Psycho #1.5)
Food and Drink,In stock,12.34,4,"The Moosewood Cookbook: Recipes from Moosewood Restaurant, Ithaca, New York"
Food and Drink,In stock,53.63,2,32 Yolks
Science,In stock,16.28,2,Peak: Secrets from the New Science of Expertise
Science,In stock,13.03,4,"The Elegant Universe: Superstrings, Hidden Dimensions, and the Quest for the Ultimate Theory"
Poetry,In stock,41.05,1,Night Sky with Exit Wounds
Poetry,In stock,46.78,4,salt.
Poetry,In stock,50.89,5,"Quarter Life Poetry: Poems for the Young, Broke and Hangry"
Autobiography,In stock,59.04,5,Life Without a Recipe
Autobiography,In stock,54.29,5,A Heartbreaking Work of Staggering Genius
Horror,In stock,48.64,1,Can You Keep a Secret? (Fear Street Relaunch #4)
Horror,In stock,23.37,3,Red Dragon (Hannibal Lecter #1)
Horror,In stock,35.63,5,Dracula the Un-Dead
Food and Drink,In stock,11.38,5,"Naturally Lean: 125 Nourishing Gluten-Free, Plant-Based Recipes--All Under 300 Calories"
Science,In stock,57.35,5,"The Disappearing Spoon: And Other True Tales of Madness, Love, and the History of the World from the Periodic Table of the Elements"
Science,In stock,25.83,2,"Surely You're Joking, Mr. Feynman!: Adventures of a Curious Character"
Science,In stock,30.60,4,Seven Brief Lessons on Physics
New Adult,In stock,45.07,2,Without Borders (Wanderlove #1)
New Adult,In stock,43.29,3,The Mistake (Off-Campus #2)
Poetry,In stock,53.64,5,Out of Print: City Lights Spotlight No. 14
Poetry,In stock,29.04,5,Les Fleurs du Mal
Horror,In stock,12.75,4,Night Shift (Night Shift #1-20)
Horror,In stock,47.51,4,Needful Things
Horror,In stock,34.79,2,Misery
Science,In stock,29.45,1,The Selfish Gene
New Adult,In stock,55.85,1,The Matchmaker's Playbook (Wingmen Inc. #1)
New Adult,In stock,36.29,5,The Hook Up (Game On #1)
Poetry,In stock,40.45,2,Howl and Other Poems
Poetry,In stock,51.17,5,Leave This Song Behind: Teen Poetry at Its Best
Poetry,In stock,15.42,5,The Collected Poems of W.B. Yeats (The Collected Works of W.B. Yeats #1)
Horror,In stock,25.01,3,It
Horror,In stock,49.56,4,'Salem's Lot
Horror,In stock,57.86,2,The Stand
Sports and Games,In stock,44.84,5,The Book of Basketball: The NBA According to The Sports Guy
New Adult,In stock,58.35,3,Shameless
New Adult,In stock,39.45,5,Off Sides (Off #1)
Poetry,In stock,38.77,4,The Crossover
Horror,In stock,49.47,3,The Girl with All the Gifts
Horror,In stock,54.89,1,House of Leaves
Sports and Games,In stock,51.22,3,"Friday Night Lights: A Town, a Team, and a Dream"
Sports and Games,In stock,24.42,1,Sugar Rush (Offensive Line #2)
Poetry,In stock,17.49,5,Booked
Poetry,In stock,30.95,4,Twenty Love Poems and a Song of Despair
Young Adult,In stock,22.65,1,The Requiem Red
Sports and Games,In stock,44.91,2,Settling the Score (The Summer Games #1)
Sports and Games,In stock,40.44,4,Icing (Aces Hockey #2)
Young Adult,In stock,17.46,5,Set Me Free
Young Adult,In stock,45.22,3,The Natural History of Us (The Fine Art of Pretending #2)
Add a comment,In stock,19.09,1,The Torch Is Passed: A Harding Family Story
Add a comment,In stock,23.89,4,"The Mindfulness and Acceptance Workbook for Anxiety: A Guide to Breaking Free from Anxiety, Phobias, and Worry Using Acceptance and Commitment Therapy"
Young Adult,In stock,14.86,2,Obsidian (Lux #1)
Young Adult,In stock,28.81,3,Burning
Sequential Art,In stock,19.57,1,"Fruits Basket, Vol. 7 (Fruits Basket #7)"
Add a comment,In stock,40.76,3,The Art Forger
Add a comment,In stock,14.07,3,On a Midnight Clear
Add a comment,In stock,53.90,2,Judo: Seven Steps to Black Belt (an Introductory Guide for Beginners)
Young Adult,In stock,28.13,4,A Fierce and Subtle Poison
Young Adult,In stock,43.55,5,Scarlett Epstein Hates It Here
Young Adult,In stock,38.28,1,"Nightingale, Sing"
Sequential Art,In stock,20.96,4,"Fruits Basket, Vol. 6 (Fruits Basket #6)"
Sequential Art,In stock,36.39,3,"Death Note, Vol. 6: Give-and-Take (Death Note #6)"
Add a comment,In stock,29.06,3,"Shobu Samurai, Project Aryoku (#3)"
Add a comment,In stock,28.26,5,Modern Romance
Add a comment,In stock,25.91,5,The White Queen (The Cousins' War #1)
Young Adult,In stock,48.56,5,Library of Souls (Miss Peregrine’s Peculiar Children #3)
Young Adult,In stock,29.99,5,Frostbite (Vampire Academy #2)
Young Adult,In stock,14.36,2,Wild Swans
Fantasy,In stock,18.78,3,Unicorn Tracks
Fantasy,In stock,25.02,3,"Saga, Volume 6 (Saga (Collected Editions) #6)"
Sequential Art,In stock,16.33,1,"Fruits Basket, Vol. 5 (Fruits Basket #5)"
Sequential Art,In stock,52.41,1,"Death Note, Vol. 5: Whiteout (Death Note #5)"
Nonfiction,In stock,33.26,2,The Lonely City: Adventures in the Art of Being Alone
Add a comment,In stock,37.40,5,The Song of Achilles
Add a comment,In stock,40.67,2,The Immortal Life of Henrietta Lacks
Add a comment,In stock,48.78,1,The Dovekeepers
Default,In stock,54.04,1,The Rosie Project (Don Tillman #1)
Young Adult,In stock,46.31,2,Until Friday Night (The Field Party #1)
Young Adult,In stock,27.12,2,This Is Where It Ends
Young Adult,In stock,35.35,5,The Darkest Lie
Fantasy,In stock,13.34,5,Princess Between Worlds (Wide-Awake Princess #5)
Fantasy,In stock,56.40,2,Masks and Shadows
Sequential Art,In stock,27.88,2,"The Demon Prince of Momochi House, Vol. 4 (The Demon Prince of Momochi House #4)"
Sequential Art,In stock,50.44,4,"Fruits Basket, Vol. 4 (Fruits Basket #4)"
Sequential Art,In stock,14.41,3,"The Wicked + The Divine, Vol. 3: Commercial Suicide (The Wicked + The Divine)"
Nonfiction,In stock,59.90,3,The Diary of a Young Girl
Nonfiction,In stock,21.21,3,Snatched: How A Drug Queen Went Undercover for the DEA and Was Kidnapped By Colombian Guerillas
Add a comment,In stock,37.61,2,More Than Music (Chasing the Dream #1)
Add a comment,In stock,22.13,4,Code Name Verity (Code Name Verity #1)
Add a comment,In stock,20.29,4,Cell
Default,In stock,16.88,3,The Power of Habit: Why We Do What We Do in Life and Business
Default,In stock,39.50,5,Steve Jobs
Young Adult,In stock,40.36,1,My Kind of Crazy
Young Adult,In stock,55.35,1,Don't Get Caught
Young Adult,In stock,50.83,3,Catching Jordan (Hundred Oaks)
Fantasy,In stock,43.29,3,Crown of Midnight (Throne of Glass #2)
Fantasy,In stock,28.09,2,"Avatar: The Last Airbender: Smoke and Shadow, Part 3 (Smoke and Shadow #3)"
Sequential Art,In stock,55.55,5,"The Sandman, Vol. 3: Dream Country (The Sandman (volumes) #3)"
Sequential Art,In stock,21.57,5,"Saga, Volume 3 (Saga (Collected Editions) #3)"
Sequential Art,In stock,43.63,3,Prodigy: The Graphic Novel (Legend: The Graphic Novel #2)
Nonfiction,In stock,41.46,4,Furiously Happy: A Funny Book About Horrible Things
Nonfiction,In stock,11.68,4,"The Sleep Revolution: Transforming Your Life, One Night at a Time"
Nonfiction,In stock,16.89,5,"Mother, Can You Not?"
Add a comment,In stock,34.20,2,Angels Walking (Angels Walking #1)
Add a comment,In stock,56.48,2,"A Series of Catastrophes and Miracles: A True Story of Love, Science, and Cancer"
Add a comment,In stock,40.79,2,A People's History of the United States
Default,In stock,49.83,3,Luckiest Girl Alive
Default,In stock,46.91,4,"Living Leadership by Insight: A Good Leader Achieves, a Great Leader Builds Monuments"
Science Fiction,In stock,37.59,1,Mesaerion: The Best Science Fiction Stories 1800-1849
Science Fiction,In stock,35.67,5,Join
Young Adult,In stock,58.14,4,Aristotle and Dante Discover the Secrets of the Universe (Aristotle and Dante Discover the Secrets of the Universe #1)
Young Adult,In stock,14.44,5,The Epidemic (The Program 0.6)
Fantasy,In stock,52.37,1,A Court of Thorns and Roses (A Court of Thorns and Roses #1)
Fantasy,In stock,35.07,3,Throne of Glass (Throne of Glass #1)
Fantasy,In stock,44.28,1,The Glittering Court (The Glittering Court #1)
Sequential Art,In stock,39.13,1,Persepolis: The Story of a Childhood (Persepolis #1-2)
Sequential Art,In stock,31.45,3,Original Fake
Sequential Art,In stock,42.72,1,"Grayson, Vol 3: Nemesis (Grayson #3)"
Nonfiction,In stock,19.53,3,A Mother's Reckoning: Living in the Aftermath of Tragedy
Nonfiction,In stock,24.57,2,"10% Happier: How I Tamed the Voice in My Head, Reduced Stress Without Losing My Edge, and Found Self-Help That Actually Works"
Nonfiction,In stock,35.92,2,Chernobyl 01:23:40: The Incredible True Story of the World's Worst Nuclear Disaster
Add a comment,In stock,55.51,1,A Brush of Wings (Angels Walking #3)
Add a comment,In stock,37.86,4,Rook
Add a comment,In stock,26.20,1,The Midnight Watch: A Novel of the Titanic and the Californian
Default,In stock,16.28,5,Lady Midnight (The Dark Artifices #1)
Default,In stock,47.02,3,"Hush, Hush (Hush, Hush #1)"
Default,In stock,10.23,5,Greek Mythic History
Science Fiction,In stock,43.30,4,"William Shakespeare's Star Wars: Verily, A New Hope (William Shakespeare's Star Wars #4)"
Science Fiction,In stock,10.65,1,The Project
Science Fiction,In stock,26.12,2,Soft Apocalypse
Young Adult,In stock,48.05,2,Stars Above (The Lunar Chronicles #4.5)
Fantasy,In stock,42.98,1,Hollow City (Miss Peregrine’s Peculiar Children #2)
Fantasy,In stock,46.02,5,The Star-Touched Queen
Sequential Art,In stock,45.17,2,"Fruits Basket, Vol. 3 (Fruits Basket #3)"
Sequential Art,In stock,49.31,1,"Black Butler, Vol. 1 (Black Butler #1)"
Sequential Art,In stock,38.02,2,Awkward
Nonfiction,In stock,34.06,3,"Zero to One: Notes on Startups, or How to Build the Future"
Nonfiction,In stock,17.76,1,Why Not Me?
Default,In stock,46.47,3,Every Last Word
Default,In stock,36.58,1,Daily Fantasy Sports
Default,In stock,44.14,1,Clockwork Angel (The Infernal Devices #1)
Science Fiction,In stock,48.74,1,Sleeping Giants (Themis Files #1)
Science Fiction,In stock,21.36,4,Arena
Fantasy,In stock,52.26,2,The Hidden Oracle (The Trials of Apollo #1)
Fantasy,In stock,44.73,4,The Bane Chronicles (The Bane Chronicles #1-11)
Fantasy,In stock,29.65,1,Island of Dragons (Unwanteds #7)
Sequential Art,In stock,54.81,1,"The Sandman, Vol. 2: The Doll's House (The Sandman (volumes) #2)"
Sequential Art,In stock,11.75,3,"Saga, Volume 2 (Saga (Collected Editions) #2)"
Nonfiction,In stock,39.36,2,When Breath Becomes Air
Nonfiction,In stock,28.45,4,"The Midnight Assassin: Panic, Scandal, and the Hunt for America's First Serial Killer"
Nonfiction,In stock,38.89,5,Smarter Faster Better: The Secrets of Being Productive in Life and Business
Fiction,In stock,40.32,4,Deception Point
Fiction,In stock,24.73,3,The Little Paris Bookshop
Default,In stock,11.23,4,City of Fallen Angels (The Mortal Instruments #4)
Default,In stock,43.28,1,City of Bones (The Mortal Instruments #1)
Default,In stock,47.27,1,City of Ashes (The Mortal Instruments #2)
Science Fiction,In stock,32.42,1,Foundation (Foundation (Publication Order) #1)
Science Fiction,In stock,10.92,1,The Restaurant at the End of the Universe (Hitchhiker's Guide to the Galaxy #2)
Fantasy,In stock,37.51,5,Demigods & Magicians: Percy and Annabeth Meet the Kanes (Percy Jackson & Kane Chronicles Crossover #1-3)
Fantasy,In stock,56.02,4,City of Glass (The Mortal Instruments #3)
Fantasy,In stock,38.73,1,Searching for Meaning in Gailana
Sequential Art,In stock,11.64,5,"Fruits Basket, Vol. 2 (Fruits Basket #2)"
Nonfiction,In stock,21.82,3,Rising Strong
Nonfiction,In stock,29.48,3,Man's Search for Meaning
Nonfiction,In stock,25.06,2,"Love That Boy: What Two Presidents, Eight Road Trips, and My Son Taught Me About a Parent's Expectations"
Fiction,In stock,45.56,3,The Firm
Fiction,In stock,44.58,2,The Expatriates
Default,In stock,31.85,3,"Carry On, Warrior: Thoughts on Life Unarmed"
Default,In stock,46.23,2,Carrie
Default,In stock,51.48,3,Angels & Demons (Robert Langdon #1)
Science Fiction,In stock,19.07,4,Ready Player One
Science Fiction,In stock,33.26,2,"Life, the Universe and Everything (Hitchhiker's Guide to the Galaxy #3)"
Science Fiction,In stock,54.86,1,Dune (Dune #1)
Fantasy,In stock,32.30,5,The Star-Touched Queen
Fantasy,In stock,56.63,3,A Shard of Ice (The Black Symphony Saga #1)
Fantasy,In stock,39.61,5,King's Folly (The Kinsman Chronicles #1)
Nonfiction,In stock,12.55,3,Living Forward: A Proven Plan to Stop Drifting and Get the Life You Want
Nonfiction,In stock,44.21,1,I Will Find You
Nonfiction,In stock,19.22,2,Brazen: The Courage to Find the You That's Been Hiding
Fiction,In stock,34.22,5,Siddhartha
Fiction,In stock,59.98,3,Last One Home (New Beginnings #1)
Default,In stock,13.33,3,"The Three Searches, Meaning, and the Story"
Default,In stock,49.67,4,Raspberry Pi Electronics Projects for the Evil Genius
Default,In stock,58.32,5,How to Speak Golf: An Illustrated Guide to Links Lingo
Science Fiction,In stock,51.48,1,Do Androids Dream of Electric Sheep? (Blade Runner #1)
Fiction,In stock,58.00,5,Digital Fortress
Fiction,In stock,26.58,5,Atlas Shrugged
Science Fiction,In stock,44.18,2,Three Wishes (River of Time: California #1)
Science Fiction,In stock,36.26,2,The Last Girl (The Dominion Trilogy #1)
Fiction,In stock,23.21,3,Three-Martini Lunch
Fiction,In stock,26.26,4,The Nightingale
Food and Drink,In stock,46.01,4,How to Cook Everything Vegetarian: Simple Meatless Recipes for Great Food (How to Cook Everything)
Science Fiction,In stock,34.96,4,Having the Barbarian's Baby (Ice Planet Barbarians #7.5)
Fiction,In stock,27.41,1,The Infinities
Fiction,In stock,52.51,5,The Husband's Secret
Fiction,In stock,22.96,2,The Da Vinci Code (Robert Langdon #2)
Food and Drink,In stock,28.25,2,How to Be a Domestic Goddess: Baking and the Art of Comfort Cooking
Food and Drink,In stock,59.92,5,The Barefoot Contessa Cookbook
Fiction,In stock,22.10,1,The Art of Fielding
Fiction,In stock,12.47,3,Lila (Gilead #3)
Food and Drink,In stock,39.61,3,Better Homes and Gardens New Cook Book
Food and Drink,In stock,11.05,5,The Power Greens Cookbook: 140 Delicious Superfood Recipes
Food and Drink,In stock,24.91,5,Mexican Today: New and Rediscovered Recipes for Contemporary Kitchens
Fiction,In stock,44.97,1,Jurassic Park (Jurassic Park #1)
Fiction,In stock,41.00,5,Inferno (Robert Langdon #4)
Fiction,In stock,49.13,5,Crazy Rich Asians (Crazy Rich Asians #1)
Food and Drink,In stock,13.66,2,Vegan Vegetarian Omnivore: Dinner for Everyone at the Table
Food and Drink,In stock,23.59,1,The Smitten Kitchen Cookbook
Fiction,In stock,22.11,1,Big Little Lies
Fiction,In stock,16.78,3,The Course of Love
Food and Drink,In stock,34.32,3,"The Art of Simple Food: Notes, Lessons, and Recipes from a Delicious Revolution"
Food and Drink,In stock,33.14,3,Hungry Girl Clean & Hungry: Easy All-Natural Recipes for Healthy Eating in the Real World
Young Adult,In stock,54.65,4,No Love Allowed (Dodge Cove #1)
Young Adult,In stock,51.34,4,"Exit, Pursued by a Bear"
Young Adult,In stock,54.40,1,The Alien Club
Young Adult,In stock,33.23,1,Don't Forget Steven
Young Adult,In stock,28.93,1,South of Sunshine
Young Adult,In stock,36.39,5,My Life Next Door (My Life Next Door )
Young Adult,In stock,55.65,5,Future Shock (Future Shock #1)
Young Adult,In stock,50.35,4,Nightstruck: A Novel
Young Adult,In stock,50.96,2,Tell the Wolves I'm Home
Young Adult,In stock,47.31,4,"Will Grayson, Will Grayson (Will Grayson, Will Grayson)"
Young Adult,In stock,41.73,4,Where She Went (If I Stay #2)
Young Adult,In stock,14.64,1,Two Summers
Young Adult,In stock,11.33,5,The Darkest Corners
Young Adult,In stock,41.81,1,Tell Me Three Things
Young Adult,In stock,23.63,4,Lola and the Boy Next Door (Anna and the French Kiss #2)
Young Adult,In stock,15.52,5,Kill the Boy Band
Young Adult,In stock,48.13,5,Isla and the Happily Ever After (Anna and the French Kiss #3)
Young Adult,In stock,10.00,5,An Abundance of Katherines
Young Adult,In stock,24.17,4,Harry Potter and the Prisoner of Azkaban (Harry Potter #3)
Young Adult,In stock,32.36,3,Walk the Edge (Thunder Road #2)
Fiction,In stock,51.96,3,When I'm Gone
Fiction,In stock,12.34,5,The Silent Wife
Fiction,In stock,30.66,3,The Bette Davis Club
Fiction,In stock,57.20,5,Kitchens of the Great Midwest
Fiction,In stock,39.07,5,Bright Lines
Sequential Art,In stock,18.51,4,"Y: The Last Man, Vol. 1: Unmanned (Y: The Last Man #1)"
Sequential Art,In stock,36.52,2,"The Wicked + The Divine, Vol. 1: The Faust Act (The Wicked + The Divine)"
Sequential Art,In stock,54.12,3,"The Sandman, Vol. 1: Preludes and Nocturnes (The Sandman (volumes) #1)"
Nonfiction,In stock,56.91,4,Between the World and Me
Sequential Art,In stock,10.64,3,The Complete Maus (Maus #1-2)
Sequential Art,In stock,42.12,3,"Skip Beat!, Vol. 01 (Skip Beat! #1)"
Sequential Art,In stock,28.48,1,"Saga, Volume 1 (Saga (Collected Editions) #1)"
Nonfiction,In stock,55.06,4,Being Mortal: Medicine and What Matters in the End
Nonfiction,In stock,13.20,3,"A Murder Over a Girl: Justice, Gender, Junior High"
Sequential Art,In stock,46.96,5,"Rat Queens, Vol. 1: Sass & Sorcery (Rat Queens (Collected Editions) #1-5)"
Sequential Art,In stock,21.71,4,"Paper Girls, Vol. 1 (Paper Girls #1-5)"
Sequential Art,In stock,29.87,3,"Ouran High School Host Club, Vol. 1 (Ouran High School Host Club #1)"
Nonfiction,In stock,45.13,3,For the Love: Fighting for Grace in a World of Impossible Standards
Nonfiction,In stock,46.64,2,Finding God in the Ruins: How God Redeems Pain
Nonfiction,In stock,59.45,4,The Man Who Mistook His Wife for a Hat and Other Clinical Tales
Sequential Art,In stock,39.39,4,"Ms. Marvel, Vol. 1: No Normal (Ms. Marvel (2014-2015) #1)"
Sequential Art,In stock,45.24,3,"Hawkeye, Vol. 1: My Life as a Weapon (Hawkeye #1)"
Add a comment,In stock,59.15,4,The Gray Rhino: How to Recognize and Act on the Obvious Dangers We Ignore
Nonfiction,In stock,49.98,4,In Cold Blood
Nonfiction,In stock,42.14,3,"Girl, Interrupted"
Nonfiction,In stock,48.67,2,Why Save the Bankers?: And Other Essays on Our Economic and Political Crisis
Sequential Art,In stock,56.76,4,"Giant Days, Vol. 1 (Giant Days #1-4)"
Sequential Art,In stock,40.28,5,"Fruits Basket, Vol. 1 (Fruits Basket #1)"
Add a comment,In stock,11.88,3,The Children
Add a comment,In stock,15.71,4,One with You (Crossfire #5)
Add a comment,In stock,48.27,5,Without Shame
Nonfiction,In stock,25.15,4,Talking to Girls About Duran Duran: One Young Man's Quest for True Love and a Cooler Haircut
Nonfiction,In stock,31.63,4,My Mother Was Nuts
Sequential Art,In stock,34.65,5,"Bleach, Vol. 1: Strawberry and the Soul Reapers (Bleach #1)"
Sequential Art,In stock,57.06,4,"Ajin: Demi-Human, Volume 1 (Ajin: Demi-Human #1)"
Add a comment,In stock,58.05,4,Watchmen
Add a comment,In stock,50.49,3,A Hero's Curse (The Unseen Chronicles #1)
Nonfiction,In stock,32.35,3,"Data, A Love Story: How I Gamed Online Dating to Meet My Match"
Nonfiction,In stock,38.71,3,The Jazz of Physics: The Secret Link Between Music and the Structure of the Universe
Add a comment,In stock,35.79,2,23 Degrees South: A Tropical Tale of Changing Whether...
Add a comment,In stock,16.24,1,The Glass Castle
Nonfiction,In stock,16.81,4,The Gunning of America: Business and the Making of American Gun Culture
Nonfiction,In stock,28.23,2,The Geography of Bliss: One Grump's Search for the Happiest Places in the World
Nonfiction,In stock,27.80,1,God Is Not Great: How Religion Poisons Everything
Add a comment,In stock,35.67,3,The Drowning Girls
Add a comment,In stock,20.12,5,Team of Rivals: The Political Genius of Abraham Lincoln
Nonfiction,In stock,31.95,3,We the People: The Modern-Day Figures Who Have Reshaped and Affirmed the Founding Fathers' Vision of America
Nonfiction,In stock,50.66,3,Very Good Lives: The Fringe Benefits of Failure and the Importance of Imagination
Nonfiction,In stock,58.09,1,"Unstuffed: Decluttering Your Home, Mind, and Soul"
Add a comment,In stock,57.43,4,John Adams
Add a comment,In stock,37.05,5,Good in Bed (Cannie Shapiro #1)
Nonfiction,In stock,30.00,1,Under the Banner of Heaven: A Story of Violent Faith
Add a comment,In stock,43.27,4,The Joy of Cooking
Add a comment,In stock,18.77,1,The Golden Compass (His Dark Materials #1)
Add a comment,In stock,46.85,3,The God Delusion
Fantasy,In stock,12.16,5,Every Heart a Doorway (Every Heart A Doorway #1)
Add a comment,In stock,19.27,4,Pride and Prejudice
Fantasy,In stock,44.81,4,A Gathering of Shadows (Shades of Magic #2)
Add a comment,In stock,48.51,3,Mere Christianity
Add a comment,In stock,56.59,4,Fun Home: A Family Tragicomic
Fantasy,In stock,57.74,4,The Raven Boys (The Raven Cycle #1)
Fantasy,In stock,56.00,5,The False Prince (The Ascendance Trilogy #1)
Fantasy,In stock,45.51,3,Tell the Wind and Fire
Add a comment,In stock,30.57,2,The Raven King (The Raven Cycle #4)
Add a comment,In stock,22.37,1,Find Her (Detective D.D. Warren #8)
Fantasy,In stock,17.21,4,A Feast for Crows (A Song of Ice and Fire #4)
Fantasy,In stock,52.11,2,The Demonists (Demonist #1)
Fantasy,In stock,46.08,5,The Beast (Black Dagger Brotherhood #14)
Fantasy,In stock,49.45,5,Paper and Fire (The Great Library #2)
Fantasy,In stock,31.63,4,Harry Potter and the Order of the Phoenix (Harry Potter #5)
Fantasy,In stock,48.75,5,Harry Potter and the Half-Blood Prince (Harry Potter #6)
Fantasy,In stock,14.74,1,Harry Potter and the Chamber of Secrets (Harry Potter #2)
Fantasy,In stock,58.64,4,The Rose & the Dagger (The Wrath and the Dawn #2)
Default,In stock,56.51,5,Eleanor & Park
Fantasy,In stock,24.72,2,Soldier (Talon #3)
Fantasy,In stock,55.46,2,Midnight Riot (Peter Grant/ Rivers of London - books #1)
Default,In stock,48.39,2,Troublemaker: Surviving Hollywood and Scientology
Default,In stock,20.88,5,Adultery
Default,In stock,58.87,4,Unlimited Intuition Now
Fantasy,In stock,44.07,4,Heir to the Sky
Fantasy,In stock,43.87,3,Eragon (The Inheritance Cycle #1)
Default,In stock,11.82,2,Underlying Notes
Default,In stock,44.05,5,The New Brand You: Your New Image Makes the Sale for You
Default,In stock,16.68,2,The Flowers Lied
Fantasy,In stock,56.02,1,Darkfever (Fever #1)
Fantasy,In stock,22.06,4,Ash
Default,In stock,10.41,4,"NaNo What Now? Finding your editing process, revising your NaNoWriMo book and building a writing career through publishing and beyond"
Default,In stock,47.44,2,Modern Day Fables
Fantasy,In stock,31.22,2,A Storm of Swords (A Song of Ice and Fire #3)
Default,In stock,43.62,5,The Unlikely Pilgrimage of Harold Fry (Harold Fry #1)
Default,In stock,41.39,2,The Martian (The Martian #1)
Default,In stock,40.72,2,Left Behind (Left Behind #1)
Default,In stock,20.22,4,John Vassos: Industrial Design for Modern Life
Default,In stock,56.48,1,I'll Give You the Sun
Default,In stock,52.86,2,Heaven is for Real: A Little Boy's Astounding Story of His Trip to Heaven and Back
Default,In stock,43.64,1,Ender's Game (The Ender Quintet #1)
Default,In stock,37.51,4,Death by Leisure: A Cautionary Tale
Default,In stock,22.14,2,Wildlife of New York: A Five-Borough Coloring Book
Default,In stock,34.72,1,The Year of Living Biblically: One Man's Humble Quest to Follow the Bible as Literally as Possible
Default,In stock,36.05,4,The Great Gatsby
Young Adult,In stock,32.74,2,Two Boys Kissing
Young Adult,In stock,44.92,3,The New Guy (and Other Senior Year Distractions)
Young Adult,In stock,29.64,4,"The Land of 10,000 Madonnas"
Young Adult,In stock,14.57,4,Scarlet (The Lunar Chronicles #2)
Young Adult,In stock,43.69,4,Legend (Legend #1)
Young Adult,In stock,53.04,5,Lady Renegades (Rebel Belle #3)
Young Adult,In stock,42.21,4,Golden (Heart of Dread #3)
Young Adult,In stock,26.09,1,Cinder (The Lunar Chronicles #1)
Young Adult,In stock,21.12,3,Boy Meets Boy
Young Adult,In stock,36.83,5,Annie on My Mind
Young Adult,In stock,12.86,4,New Moon (Twilight #2)
Young Adult,In stock,53.47,1,Girl Online On Tour (Girl Online #2)
Young Adult,In stock,27.89,5,The Haters
Young Adult,In stock,40.83,4,The Art of Not Breathing
Nonfiction,In stock,53.51,1,"Trespassing Across America: One Man's Epic, Never-Done-Before (and Sort of Illegal) Hike Across the Heartland"
Nonfiction,In stock,37.25,2,The Name of God is Mercy
Nonfiction,In stock,36.74,3,Stiff: The Curious Lives of Human Cadavers
Nonfiction,In stock,49.51,1,Spilled Milk: Based on a True Story
Nonfiction,In stock,41.67,4,"Rise of the Rocket Girls: The Women Who Propelled Us, from Missiles to the Moon to Mars"
Nonfiction,In stock,14.16,1,Outliers: The Story of Success
Nonfiction,In stock,40.17,1,Notes from a Small Island (Notes From a Small Island #1)
Nonfiction,In stock,13.51,1,Night (The Night Trilogy #1)
Nonfiction,In stock,57.83,1,"Miracles from Heaven: A Little Girl, Her Journey to Heaven, and Her Amazing Story of Healing"
Nonfiction,In stock,22.20,1,Letter to a Christian Nation
Nonfiction,In stock,45.11,1,Let's Pretend This Never Happened: A Mostly True Memoir
Nonfiction,In stock,42.38,1,It's Never Too Late to Begin Again: Discovering Creativity and Meaning at Midlife and Beyond
Nonfiction,In stock,56.70,5,Into the Wild
Nonfiction,In stock,28.85,3,"In the Garden of Beasts: Love, Terror, and an American Family in Hitler's Berlin"
Nonfiction,In stock,28.88,2,I Am Malala: The Girl Who Stood Up for Education and Was Shot by the Taliban
Nonfiction,In stock,26.66,5,Gratitude
Nonfiction,In stock,15.28,5,Disrupted: My Misadventure in the Start-Up Bubble
Nonfiction,In stock,51.32,5,Brave Enough
Nonfiction,In stock,27.35,2,"Born to Run: A Hidden Tribe, Superathletes, and the Greatest Race the World Has Never Seen"
Nonfiction,In stock,21.74,5,Blink: The Power of Thinking Without Thinking
Add a comment,In stock,42.27,1,Evicted: Poverty and Profit in the American City
Add a comment,In stock,46.42,2,A Game of Thrones (A Song of Ice and Fire #1)
Add a comment,In stock,10.79,3,A Clash of Kings (A Song of Ice and Fire #2)
Add a comment,In stock,10.02,2,The Tipping Point: How Little Things Can Make a Big Difference
Add a comment,In stock,34.77,1,The Rest Is Noise: Listening to the Twentieth Century
Add a comment,In stock,37.19,3,The Purpose Driven Life: What on Earth Am I Here for?
Add a comment,In stock,47.80,3,The Hitchhiker's Guide to the Galaxy (Hitchhiker's Guide to the Galaxy #1)
Add a comment,In stock,57.48,1,The Girl Who Kicked the Hornet's Nest (Millennium Trilogy #3)
Add a comment,In stock,22.13,4,"The End of Faith: Religion, Terror, and the Future of Reason"
Add a comment,In stock,41.32,5,The Complete Poems
Add a comment,In stock,24.55,1,The Catcher in the Rye
Add a comment,In stock,47.84,1,The Case for Christ (Cases for Christianity)
Add a comment,In stock,53.71,5,The Blind Side: Evolution of a Game
Add a comment,In stock,52.33,2,Seven Days in the Art World
Add a comment,In stock,46.29,1,Sarah's Key
Add a comment,In stock,50.11,3,Rogue Lawyer (Rogue Lawyer #1)
Add a comment,In stock,34.98,2,Manuscript Found in Accra
Add a comment,In stock,21.28,4,Fire Bound (Sea Haven/Sisters of the Heart #5)
Add a comment,In stock,36.17,2,Cosmos
Add a comment,In stock,50.96,1,#GIRLBOSS
Default,In stock,49.03,3,The Good Girl
Default,In stock,33.17,4,The 7 Habits of Highly Effective People: Powerful Lessons in Personal Change
Default,In stock,20.90,2,Steal Like an Artist: 10 Things Nobody Told You About Being Creative
Default,In stock,13.22,4,Life of Pi
Default,In stock,57.84,5,The Sound Of Love
Default,In stock,55.02,3,The Perks of Being a Wallflower
Default,In stock,31.58,2,The Makings of a Fatherless Child
Default,In stock,17.80,5,The Hobbit (Middle-Earth Universe)
Default,In stock,10.27,2,The Fellowship of the Ring (The Lord of the Rings #1)
Default,In stock,30.60,3,Ship Leaves Harbor: Essays on Travel by a Recovering Journeyman
Default,In stock,46.58,1,Musicophilia: Tales of Music and the Brain
Default,In stock,53.68,4,What If?: Serious Scientific Answers to Absurd Hypothetical Questions
Default,In stock,47.22,1,The Fault in Our Stars
Default,In stock,34.50,1,The Dream Thieves (The Raven Cycle #2)
Default,In stock,11.83,2,The 5th Wave (The 5th Wave #1)
Default,In stock,16.23,5,Shiver (The Wolves of Mercy Falls #1)
Default,In stock,11.48,3,Remember Me?
Fantasy,In stock,53.82,2,Vampire Girl (Vampire Girl #1)
Fantasy,In stock,36.25,3,The Silent Twin (Detective Jennifer Knight #3)
Default,In stock,38.13,5,If I Stay (If I Stay #1)
Default,In stock,36.55,2,I Know Why the Caged Bird Sings (Maya Angelou's Autobiography #1)
Default,In stock,23.32,1,Harry Potter and the Deathly Hallows (Harry Potter #7)
Fantasy,In stock,29.38,1,The Mirror & the Maze (The Wrath and the Dawn #1.5)
Fantasy,In stock,13.33,3,Sister Sable (The Mad Queen #1)
Fantasy,In stock,21.72,4,Shadow Rites (Jane Yellowrock #10)
Fantasy,In stock,28.99,1,Origins (Alphas 0.5)
Fantasy,In stock,52.94,2,One Second (Seven #7)
Fantasy,In stock,58.75,4,Myriad (Prentor #1)
Nonfiction,In stock,40.87,1,Black Flags: The Rise of ISIS
Nonfiction,In stock,56.58,1,Are We Smart Enough to Know How Smart Animals Are?
Nonfiction,In stock,30.48,4,A Walk in the Woods: Rediscovering America on the Appalachian Trail
Nonfiction,In stock,11.89,2,"The Suffragettes (Little Black Classics, #96)"
Nonfiction,In stock,34.00,3,Kindle Paperwhite User's Guide
Nonfiction,In stock,57.42,5,H is for Hawk
Nonfiction,In stock,57.82,5,Travels with Charley: In Search of America
Nonfiction,In stock,41.56,5,The Tumor
Nonfiction,In stock,14.40,1,The End of the Jesus Era (An Investigation #1)
Nonfiction,In stock,51.32,3,"Eat, Pray, Love"
Default,In stock,16.96,1,Fool Me Once
Default,In stock,38.70,2,Drama
Add a comment,In stock,31.38,3,The Sense of an Ending
Add a comment,In stock,33.78,3,The Republic
Default,In stock,34.13,5,"Blue Lily, Lily Blue (The Raven Cycle #3)"
Default,In stock,58.59,4,Alight (The Generations Trilogy #2)
Add a comment,In stock,29.64,3,The Odyssey
Add a comment,In stock,54.43,1,The Light of the Fireflies
Default,In stock,52.35,4,Vogue Colors A to Z: A Fashion Coloring Book
Default,In stock,27.88,3,The Shining (The Shining #1)
Default,In stock,29.85,5,The Hunger Games (The Hunger Games #1)
Add a comment,In stock,16.16,1,The Iliad
Add a comment,In stock,14.76,3,The Communist Manifesto
Add a comment,In stock,24.89,3,Lord of the Flies
Default,In stock,19.67,5,Outlander (Outlander #1)
Default,In stock,20.44,4,Mockingjay (The Hunger Games #3)
Default,In stock,13.90,3,Harry Potter and the Sorcerer's Stone (Harry Potter #1)
Default,In stock,48.94,2,Confessions of a Shopaholic (Shopaholic #1)
Default,In stock,34.77,1,Zero History (Blue Ant #3)
Default,In stock,21.80,1,World War Z: An Oral History of the Zombie War
Default,In stock,46.02,3,Wild: From Lost to Found on the Pacific Crest Trail
Default,In stock,18.13,1,"Where'd You Go, Bernadette"
Default,In stock,41.93,2,Twilight (Twilight #1)
Default,In stock,36.80,3,The Paris Wife
Default,In stock,20.93,1,The Maze Runner (The Maze Runner #1)
Default,In stock,58.09,2,The Lover's Dictionary
Default,In stock,43.58,3,The Goldfinch
Default,In stock,12.30,1,The Giver (The Giver Quartet #1)
Default,In stock,22.14,2,The Girl Who Played with Fire (Millennium Trilogy #2)
Default,In stock,52.25,4,The Demon-Haunted World: Science as a Candle in the Dark
Default,In stock,53.49,2,The Book Thief
Default,In stock,23.43,2,The Autobiography of Malcolm X
Default,In stock,46.45,2,Shopaholic & Baby (Shopaholic #5)
Default,In stock,43.55,1,Quiet: The Power of Introverts in a World That Can't Stop Talking
Default,In stock,56.68,2,Packing for Mars: The Curious Science of Life in the Void
Default,In stock,24.61,2,Orange Is the New Black
Default,In stock,32.87,2,One for the Money (Stephanie Plum #1)
Default,In stock,29.40,1,Morning Star (Red Rising #3)
Default,In stock,26.13,2,Life After Life
Default,In stock,25.02,1,"Lean In: Women, Work, and the Will to Lead"
Default,In stock,20.11,3,Is Everyone Hanging Out Without Me? (And Other Concerns)
Default,In stock,37.60,5,Gone Girl
Default,In stock,38.62,1,Fellside
Default,In stock,18.74,1,Eclipse (Twilight #3)
Default,In stock,52.62,3,Dracula
Default,In stock,39.24,5,Dead Wake: The Last Crossing of the Lusitania
Default,In stock,17.81,1,"David and Goliath: Underdogs, Misfits, and the Art of Battling Giants"
Default,In stock,23.90,5,Dark Places
Default,In stock,35.28,5,Breaking Dawn (Twilight #4)
Default,In stock,21.55,5,Beautiful Creatures (Caster Chronicles #1)
Default,In stock,14.08,5,A Visit from the Goon Squad
Default,In stock,19.69,5,The Zombie Room
Default,In stock,50.59,3,The Name of the Wind (The Kingkiller Chronicle #1)
Default,In stock,18.88,2,Taking Shots (Assassins #1)
Default,In stock,42.40,1,Shatter Me (Shatter Me #1)
Default,In stock,24.96,1,Paradise Lost (Paradise #1)
Default,In stock,32.36,3,On the Road (Duluoz Legend)
Default,In stock,38.43,5,Jane Eyre
Default,In stock,38.00,2,Frankenstein
